id,keyword,destination_id,competitor_id
1,china,1,
2,china travel,1,
3,china tours,1,
4,china holidays,1,
5,china vacations,1,
6,beijing,1,
7,beijing holiday,1,
8,beijing tours,1,
9,shanghai,1,
10,shanghai travel,1,
11,shanghai tours,1,
12,great wall of china,1,
13,great wall tours,1,
14,xian,1,
15,teracotta warriors,1,
16,xian tours,1,
17,guangzhou,1,
18,shenzhen,1,
19,chengdu,1,
20,chengdu panda tours,1,
21,sichuan,1,
22,sichuan tours,1,
23,yunnan,1,
24,yunnan travel,1,
25,kunming,1,
26,guilin,1,
27,li river cruise,1,
28,hangzhou,1,
29,suzhou,1,
30,hangzhou tours,1,
31,suzhou gardens,1,
32,tibet,1,
33,lhasa,1,
34,tibet tours,1,
35,harbin,1,
36,harbin ice festival,1,
37,silk road china,1,
38,china itinerary,1,
39,china group tours,1,
40,china luxury travel,1,
41,japan,2,
42,japan travel,2,
43,japan tours,2,
44,japan holidays,2,
45,japan vacations,2,
46,visit japan,2,
47,japan trip,2,
48,japan itinerary,2,
49,tokyo,2,
50,tokyo tours,2,
51,tokyo travel,2,
52,kyoto,2,
53,kyoto tours,2,
54,kyoto travel,2,
55,osaka,2,
56,osaka tours,2,
57,osaka travel,2,
58,sapporo,2,
59,hiroshima,2,
60,nara,2,
61,mount fuji,2,
62,mt fuji tours,2,
63,hakone,2,
64,okinawa,2,
65,nagasaki,2,
66,himeji castle,2,
67,arashiyama bamboo forest,2,
68,japan cherry blossom tours,2,
69,japan rail pass,2,
70,japan golden route,2,
71,shinkansen tours,2,
72,alpine route japan,2,
73,kanazawa,2,
74,takayama,2,
75,nikko,2,
76,shirakawa-go,2,
77,universal studios japan,2,
78,gion kyoto,2,
79,japan ski holidays,2,
80,onsen japan,2,
81,mongolia,3,
82,ulan bator,3,
83,ulaanbaatar,3,
84,mongolia tours,3,
85,mongolia holidays,3,
86,mongolia travel,3,
87,mongolia vacations,3,
88,mongolia adventure tours,3,
89,mongolia group tours,3,
90,mongolia private tours,3,
91,gobi desert,3,
92,gobi desert tours,3,
93,mongolian steppe,3,
94,kharkhorin,3,
95,karakorum,3,
96,mongolia cultural tours,3,
97,mongolia nature tours,3,
98,mongol empire sites,3,
99,khövsgöl lake,3,
100,khuvsgul lake tours,3,
101,terelj national park,3,
102,terelj tours,3,
103,orkhon valley,3,
104,orkhon valley tours,3,
105,altai mountains,3,
106,altai tours,3,
107,mongolia nomad tours,3,
108,mongolia horseback riding,3,
109,mongolia yurt stays,3,
110,mongolia eagle hunting,3,
111,mongolian festival tours,3,
112,naadam festival tours,3,
113,mongolia family travel,3,
114,mongolia solo travel,3,
115,mongolia photography tours,3,
116,mongolia eco tours,3,
117,central mongolia tours,3,
118,eastern mongolia tours,3,
119,south korea,4,
120,republic of korea,4,
121,korea south,4,
122,seoul,4,
123,busan,4,
124,jeju island,4,
125,jeju,4,
126,gyeongju,4,
127,incheon,4,
128,daegu,4,
129,gangwon province,4,
130,gwangju,4,
131,south korea tours,4,
132,south korea holidays,4,
133,south korea travel,4,
134,south korea vacations,4,
135,seoul tours,4,
136,jeju island holidays,4,
137,busan travel,4,
138,gyeongju tours,4,
139,dmz korea tours,4,
140,demilitarized zone korea,4,
141,bukchon hanok village,4,
142,gyeongbokgung palace,4,
143,lotte world,4,
144,nami island,4,
145,everland,4,
146,seoraksan national park,4,
147,namhansanseong,4,
148,korean cherry blossom tours,4,
149,temple stay south korea,4,
150,south korea honeymoon packages,4,
151,south korea food tour,4,
152,k-pop tours korea,4,
153,jeonju hanok village,4,
154,ulsan,4,
155,andong,4,
156,taiwan,5,
157,taipei,5,
158,kaohsiung,5,
159,taichung,5,
160,tainan,5,
161,hualien,5,
162,sun moon lake,5,
163,taroko gorge,5,
164,alishan,5,
165,kentington,5,
166,jiufen,5,
167,keelung,5,
168,penghu islands,5,
169,formosa,5,
170,taiwan tours,5,
171,taiwan holidays,5,
172,taiwan travel,5,
173,taiwan vacations,5,
174,taipei tours,5,
175,kaohsiung travel,5,
176,taichung holidays,5,
177,alishan tours,5,
178,taroko tours,5,
179,taiwan sightseeing,5,
180,taiwan tourist attractions,5,
181,sun moon lake travel,5,
182,taiwan trip,5,
183,taiwan adventure,5,
184,taiwan family vacations,5,
185,north taiwan tours,5,
186,south taiwan travel,5,
187,taiwan itinerary,5,
188,taiwan backpacking,5,
189,taiwan cultural tours,5,
190,east coast taiwan,5,
191,night markets in taiwan,5,
192,taiwan hot springs,5,
193,taiwan hiking tours,5,
194,taiwan food tours,5,
195,vietnam,6,
196,vietnam tours,6,
197,vietnam holidays,6,
198,vietnam travel,6,
199,vietnam vacations,6,
200,hanoi,6,
201,hanoi tours,6,
202,ho chi minh city,6,
203,ho chi minh city tours,6,
204,saigon,6,
205,saigon tours,6,
206,halong bay,6,
207,halong bay cruises,6,
208,sapa,6,
209,sapa trekking,6,
210,mekong delta,6,
211,mekong delta tours,6,
212,da nang,6,
213,hoi an,6,
214,hue,6,
215,phan thiet,6,
216,nha trang,6,
217,mount fansipan,6,
218,phong nha caves,6,
219,ban gioc waterfall,6,
220,cu chi tunnels,6,
221,vietnam package tours,6,
222,vietnam family holidays,6,
223,vietnam honeymoon packages,6,
224,vietnam beach holidays,6,
225,vietnam adventure tours,6,
226,vietnam cycling tours,6,
227,vietnam cultural tours,6,
228,central vietnam,6,
229,north vietnam,6,
230,south vietnam,6,
231,red river delta,6,
232,vietnamese cuisine tours,6,
233,vietnam backpacking,6,
234,vietnam itinerary,6,
235,cambodia,7,
236,kampuchea,7,
237,cambodia travel,7,
238,cambodia holidays,7,
239,cambodia tours,7,
240,cambodia vacations,7,
241,cambodia tourism,7,
242,phnom penh,7,
243,phnom penh tours,7,
244,phnom penh holidays,7,
245,siem reap,7,
246,siem reap tours,7,
247,siem reap holidays,7,
248,angkor wat,7,
249,angkor wat tours,7,
250,angkor archeological park,7,
251,battambang,7,
252,battambang travel,7,
253,sihanoukville,7,
254,sihanoukville beach,7,
255,kampot,7,
256,kampot tours,7,
257,koh rong,7,
258,tonle sap lake,7,
259,preah vihear temple,7,
260,cardamom mountains,7,
261,kirirom national park,7,
262,phnom kulen,7,
263,kratie,7,
264,kratie dolphins,7,
265,mekong river cambodia,7,
266,floating villages cambodia,7,
267,best time to visit cambodia,7,
268,backpacking cambodia,7,
269,cambodia cultural tours,7,
270,cambodia adventure travel,7,
271,cambodia honeymoon,7,
272,cambodia family holidays,7,
273,cycling tours cambodia,7,
274,irrawaddy dolphins cambodia,7,
275,cambodia temple tours,7,
276,myanmar,8,
277,burma,8,
278,yangon,8,
279,rangoon,8,
280,mandalay,8,
281,bagan,8,
282,inle lake,8,
283,naypyidaw,8,
284,myanmar tours,8,
285,burma tours,8,
286,myanmar holidays,8,
287,burma holidays,8,
288,myanmar travel,8,
289,burma travel,8,
290,myanmar vacations,8,
291,golden rock myanmar,8,
292,shwedagon pagoda,8,
293,u bein bridge,8,
294,mrauk u,8,
295,kalaw,8,
296,hpa-an,8,
297,ngapali beach,8,
298,ngwe saung,8,
299,myanmar trekking,8,
300,myanmar backpacking,8,
301,irrawaddy river cruise,8,
302,myanmar temple tours,8,
303,myanmar cultural tours,8,
304,bagan balloon ride,8,
305,mandalay palace,8,
306,mingun,8,
307,myanmar sightseeing,8,
308,myanmar family holidays,8,
309,myanmar honeymoon,8,
310,myanmar adventure travel,8,
311,bago,8,
312,kyaiktiyo pagoda,8,
313,myanmar guided tours,8,
314,laos,9,
315,vientiane,9,
316,luang prabang,9,
317,pakse,9,
318,champasak,9,
319,savannakhet,9,
320,laos travel,9,
321,laos tours,9,
322,laos holidays,9,
323,laos vacations,9,
324,mekong river laos,9,
325,vang vieng,9,
326,plain of jars,9,
327,si phan don,9,
328,4000 islands laos,9,
329,bolaven plateau,9,
330,wat phou,9,
331,kuang si falls,9,
332,pak ou caves,9,
333,nam ngum lake,9,
334,"lao people's democratic republic",9,
335,vientiane tours,9,
336,luang prabang tours,9,
337,southern laos travel,9,
338,northern laos trekking,9,
339,laos honeymoon,9,
340,laos adventure tours,9,
341,backpacking laos,9,
342,laos day trips,9,
343,laos package tours,9,
344,laos eco tours,9,
345,laos sightseeing,9,
346,best places to visit in laos,9,
347,things to do in laos,9,
348,laos cultural tours,9,
349,laos group tours,9,
350,malaysia,10,
351,malaysia tours,10,
352,malaysia holidays,10,
353,malaysia travel,10,
354,malaysia vacations,10,
355,kuala lumpur,10,
356,penang,10,
357,george town,10,
358,langkawi,10,
359,borneo malaysia,10,
360,sabah,10,
361,sarawak,10,
362,malacca,10,
363,melaka,10,
364,cameron highlands,10,
365,taman negara,10,
366,perhentian islands,10,
367,redang island,10,
368,tioman island,10,
369,genting highlands,10,
370,mount kinabalu,10,
371,batu caves,10,
372,ipoh,10,
373,putrajaya,10,
374,sunway lagoon,10,
375,legoland malaysia,10,
376,malaysia sightseeing,10,
377,malaysia package tours,10,
378,malaysia family holidays,10,
379,borneo jungle tours,10,
380,penang street food,10,
381,malaysia city tours,10,
382,malaysia adventure travel,10,
383,johor bahru,10,
384,malaysia honeymoon packages,10,
385,malaysia rainforest tours,10,
386,best places to visit in malaysia,10,
387,malaysia beach holidays,10,
388,malaysia island hopping,10,
389,thailand,11,
390,bangkok,11,
391,chiang mai,11,
392,phuket,11,
393,krabi,11,
394,koh samui,11,
395,pattaya,11,
396,ayutthaya,11,
397,chiang rai,11,
398,koh phi phi,11,
399,sukhothai,11,
400,pai,11,
401,thailand tours,11,
402,thailand holidays,11,
403,thailand travel,11,
404,thailand vacations,11,
405,thailand packages,11,
406,bangkok tours,11,
407,phuket travel,11,
408,koh samui holidays,11,
409,thailand honeymoon,11,
410,thai beach holidays,11,
411,phi phi island trips,11,
412,grand palace bangkok,11,
413,wat arun,11,
414,wat pho,11,
415,floating market thailand,11,
416,chiang mai night bazaar,11,
417,golden triangle thailand,11,
418,thailand luxury resorts,11,
419,thailand backpacking,11,
420,jungles of northern thailand,11,
421,island hopping thailand,11,
422,thailand adventure travel,11,
423,similan islands diving,11,
424,thailand family vacations,11,
425,indonesia,12,
426,bali,12,
427,jakarta,12,
428,yogyakarta,12,
429,lombok,12,
430,sumatra,12,
431,bali tours,12,
432,indonesia holidays,12,
433,indonesia travel,12,
434,bali vacations,12,
435,bali holiday packages,12,
436,borobudur temple,12,
437,komodo island,12,
438,flores,12,
439,java island,12,
440,raja ampat,12,
441,gili islands,12,
442,bali honeymoon,12,
443,indonesia family holidays,12,
444,jakarta city tours,12,
445,mount bromo,12,
446,ubud bali,12,
447,medan,12,
448,surabaya,12,
449,bandung,12,
450,tamansari water castle,12,
451,tanah lot temple,12,
452,bali beach resorts,12,
453,nusa penida,12,
454,lake toba,12,
455,indonesia luxury travel,12,
456,indonesia adventure tours,12,
457,sumatra wildlife tours,12,
458,uluwatu temple,12,
459,bali cultural tours,12,
460,jogja trips,12,
461,philippines,13,
462,philippines tours,13,
463,philippines holidays,13,
464,philippines travel,13,
465,philippines vacations,13,
466,manila,13,
467,manila city tours,13,
468,cebu,13,
469,cebu tours,13,
470,cebu city,13,
471,palawan,13,
472,palawan trips,13,
473,elnido,13,
474,el nido tours,13,
475,boracay,13,
476,boracay holidays,13,
477,davao,13,
478,davao city,13,
479,bohol,13,
480,bohol chocolate hills,13,
481,chocolate hills tours,13,
482,banaue rice terraces,13,
483,banaue tours,13,
484,siargao,13,
485,siargao island,13,
486,puerto princesa,13,
487,puerto princesa underground river,13,
488,vigan,13,
489,vigan city tours,13,
490,tagaytay,13,
491,tarsier sanctuary bohol,13,
492,coron,13,
493,coron islands,13,
494,pampanga,13,
495,subic bay,13,
496,tubbataha reef,13,
497,hundred islands,13,
498,panglao island,13,
499,pagsanjan falls,13,
500,mayon volcano,13,
501,singapore,14,
502,singapore tours,14,
503,singapore travel,14,
504,singapore holidays,14,
505,singapore vacations,14,
506,singapore city,14,
507,singapore packages,14,
508,singapore trip,14,
509,singapore sightseeing,14,
510,singapore attractions,14,
511,marina bay sands,14,
512,gardens by the bay,14,
513,sentosa island,14,
514,changi airport,14,
515,orchard road,14,
516,little india singapore,14,
517,chinatown singapore,14,
518,universal studios singapore,14,
519,singapore flyer,14,
520,botanic gardens singapore,14,
521,clarke quay,14,
522,merlion park,14,
523,singapore zoo,14,
524,night safari singapore,14,
525,jewel changi,14,
526,east coast park,14,
527,raffles hotel,14,
528,pulau ubin,14,
529,singapore river cruise,14,
530,bugis street,14,
531,haji lane,14,
532,southern ridges,14,
533,singapore city tours,14,
534,family holidays in singapore,14,
535,luxury singapore vacations,14,
536,budget travel singapore,14,
537,things to do in singapore,14,
538,best places to visit in singapore,14,
539,singapore food tours,14,
540,singapore cruise holidays,14,
541,india,15,
542,india tours,15,
543,india holidays,15,
544,india travel,15,
545,india vacations,15,
546,indian tour packages,15,
547,new delhi,15,
548,delhi tours,15,
549,taj mahal,15,
550,agra,15,
551,agra tours,15,
552,golden triangle tour,15,
553,jaipur,15,
554,jaipur tours,15,
555,rajasthan travel,15,
556,rajasthan holidays,15,
557,mumbai,15,
558,mumbai tours,15,
559,goa,15,
560,goa holidays,15,
561,goa travel,15,
562,kerala,15,
563,kerala backwaters,15,
564,kerala tours,15,
565,varanasi,15,
566,varanasi tours,15,
567,ladakh,15,
568,himachal pradesh,15,
569,shimla,15,
570,manali,15,
571,south india tours,15,
572,north india tours,15,
573,himalayas india,15,
574,indian beach vacations,15,
575,sri harmandir sahib,15,
576,amritsar,15,
577,khajuraho,15,
578,hampi,15,
579,india golden triangle,15,
580,udaipur,15,
581,udaipur tours,15,
582,sikkim travel,15,
583,sri lanka,16,
584,colombo,16,
585,kandy,16,
586,galle,16,
587,sigiriya,16,
588,ella,16,
589,nuwara eliya,16,
590,anuradhapura,16,
591,polonnaruwa,16,
592,dambulla,16,
593,mirissa,16,
594,trincomalee,16,
595,negombo,16,
596,yala national park,16,
597,wilpattu national park,16,
598,arugam bay,16,
599,pinnawala elephant orphanage,16,
600,adams peak,16,
601,sri lanka tours,16,
602,sri lanka holidays,16,
603,sri lanka travel,16,
604,sri lanka vacations,16,
605,colombo travel,16,
606,kandy tours,16,
607,galle holidays,16,
608,sigiriya rock fortress,16,
609,ella train journey,16,
610,cultural triangle sri lanka,16,
611,south coast sri lanka,16,
612,sri lanka beaches,16,
613,sri lanka wildlife tours,16,
614,heritage sites sri lanka,16,
615,tea plantations sri lanka,16,
616,sri lanka honeymoon,16,
617,best time to visit sri lanka,16,
618,sri lanka round tours,16,
619,sri lankan cultural tours,16,
620,maldives,17,
621,malé,17,
622,maldives islands,17,
623,maldivian atolls,17,
624,north malé atoll,17,
625,south malé atoll,17,
626,ari atoll,17,
627,baa atoll,17,
628,addu atoll,17,
629,maldives holidays,17,
630,maldives travel,17,
631,maldives vacations,17,
632,maldives tours,17,
633,maldives resorts,17,
634,overwater bungalows maldives,17,
635,maldives honeymoon,17,
636,maldives all inclusive,17,
637,maldives beaches,17,
638,scuba diving maldives,17,
639,snorkeling maldives,17,
640,luxury resorts maldives,17,
641,budget maldives,17,
642,maldives family holidays,17,
643,maldives water villas,17,
644,maldives spa resorts,17,
645,coral reefs maldives,17,
646,fihalhohi island,17,
647,maafushi,17,
648,thulusdhoo,17,
649,vilamendhoo island,17,
650,sun island maldives,17,
651,maldives private island,17,
652,dhigurah island,17,
653,vaavu atoll,17,
654,maldives adventure tours,17,
655,maldives flights,17,
656,maldives tourist spots,17,
657,best time to visit maldives,17,
658,maldives travel packages,17,
659,bhutan,18,
660,bhutan travel,18,
661,bhutan tours,18,
662,bhutan holidays,18,
663,bhutan vacations,18,
664,thimphu,18,
665,thimphu travel,18,
666,paro,18,
667,paro valley,18,
668,paro tours,18,
669,punakha,18,
670,punakha dzong,18,
671,punakha tours,18,
672,bumthang,18,
673,bumthang valley,18,
674,phobjikha valley,18,
675,taktshang monastery,18,
676,"tiger's nest",18,
677,"tiger's nest monastery",18,
678,taktsang trek,18,
679,dochula pass,18,
680,dochula pass view,18,
681,bhutan trekking,18,
682,bhutan cultural tours,18,
683,bhutan honeymoon,18,
684,bhutan adventure tours,18,
685,himalayan kingdom tours,18,
686,west bhutan tours,18,
687,bhutan festival tours,18,
688,druk path trek,18,
689,jhomolhari trek,18,
690,wangdue phodrang,18,
691,wangdue tours,18,
692,gangtey valley,18,
693,bhutan escorted tours,18,
694,bhutan luxury travel,18,
695,bhutan nature tours,18,
696,nepal,19,
697,kathmandu,19,
698,pokhara,19,
699,chitwan,19,
700,lumbini,19,
701,everest base camp,19,
702,annapurna circuit,19,
703,patan,19,
704,bhaktapur,19,
705,nagarkot,19,
706,nepal tours,19,
707,nepal holidays,19,
708,nepal travel,19,
709,nepal vacations,19,
710,mount everest,19,
711,himalayas nepal,19,
712,trekking in nepal,19,
713,nepal trekking tours,19,
714,nepal adventure tours,19,
715,nepal family holidays,19,
716,kathmandu valley,19,
717,kathmandu tours,19,
718,pokhara tours,19,
719,chitwan national park,19,
720,lumbini tours,19,
721,everest trekking,19,
722,annapurna trekking,19,
723,nepal cultural tours,19,
724,nepal nature tours,19,
725,nepal heritage sites,19,
726,mt everest,19,
727,mustang nepal,19,
728,ghorepani poon hill,19,
729,sagarmatha national park,19,
730,namche bazaar,19,
731,phewa lake pokhara,19,
732,bandipur nepal,19,
733,armenia,20,
734,yerevan,20,
735,gyumri,20,
736,dilijan,20,
737,sevan lake,20,
738,tatev monastery,20,
739,garni temple,20,
740,geghard monastery,20,
741,armenia tours,20,
742,armenia holidays,20,
743,armenia travel,20,
744,armenia vacations,20,
745,armenia travel packages,20,
746,armenia sightseeing,20,
747,armenian highlands,20,
748,armenia road trip,20,
749,armenian wine tours,20,
750,mount ararat view,20,
751,armenia unesco sites,20,
752,khor virap monastery,20,
753,noravank monastery,20,
754,echmiadzin cathedral,20,
755,armenia guided tours,20,
756,yerevan city tour,20,
757,gyumri old town,20,
758,dilijan national park,20,
759,armenia adventure tours,20,
760,armenia group tours,20,
761,armenia private tours,20,
762,armenia historical tours,20,
763,lake sevan vacations,20,
764,yerevan holidays,20,
765,yerevan travel,20,
766,armenia cultural tours,20,
767,armenia hiking tours,20,
768,syunik region travel,20,
769,armenia family holidays,20,
770,armenia foodie tours,20,
771,tsaghkadzor ski holidays,20,
772,azerbaijan,21,
773,baku,21,
774,gobustan,21,
775,sheki,21,
776,ganja,21,
777,quba,21,
778,gabala,21,
779,shamakhi,21,
780,lankaran,21,
781,naftalan,21,
782,azerbaijan tours,21,
783,azerbaijan holidays,21,
784,azerbaijan vacations,21,
785,azerbaijan travel,21,
786,baku tours,21,
787,baku holidays,21,
788,baku travel,21,
789,baku vacations,21,
790,azerbaijan sightseeing,21,
791,azerbaijan tourist attractions,21,
792,flame towers,21,
793,baku old city,21,
794,maiden tower,21,
795,caspian sea azerbaijan,21,
796,gobustan mud volcanoes,21,
797,sheki palace,21,
798,azerbaijan wine tours,21,
799,azerbaijan silk road,21,
800,absheron peninsula,21,
801,azerbaijan cultural tours,21,
802,azerbaijan adventure tours,21,
803,qobustan rock art,21,
804,baku boulevard,21,
805,sumqayit,21,
806,hiking in azerbaijan,21,
807,caucasus mountains azerbaijan,21,
808,azerbaijan vacation packages,21,
809,georgia,22,
810,tbilisi,22,
811,batumi,22,
812,kutaisi,22,
813,kazbegi,22,
814,svaneti,22,
815,ushguli,22,
816,mestia,22,
817,kakheti,22,
818,borjomi,22,
819,vardzia,22,
820,mtskheta,22,
821,georgia tours,22,
822,georgia holidays,22,
823,georgia travel,22,
824,georgia vacations,22,
825,tbilisi tours,22,
826,batumi holidays,22,
827,kazbegi travel,22,
828,svaneti trekking,22,
829,wine tours georgia,22,
830,caucasus tours,22,
831,georgia road trip,22,
832,kazbegi mountains,22,
833,gergeti trinity church,22,
834,alaverdi monastery,22,
835,prometheus cave,22,
836,georgia cultural tours,22,
837,adventure travel georgia,22,
838,black sea coast georgia,22,
839,ancient georgia sites,22,
840,gudauri ski holidays,22,
841,tbilisi old town,22,
842,georgia sightseeing,22,
843,martvili canyon,22,
844,rabati castle,22,
845,batumi seaside vacation,22,
846,kazakhstan,23,
847,kazakhstan tours,23,
848,kazakhstan holidays,23,
849,kazakhstan travel,23,
850,kazakhstan vacations,23,
851,kazakhstan trips,23,
852,astana,23,
853,nur-sultan,23,
854,almaty,23,
855,shymkent,23,
856,lake balkhash,23,
857,charyn canyon,23,
859,caspian sea kazakhstan,23,
860,alma-ata,23,
861,kazakh steppe,23,
862,kazakhstan silk road,23,
863,tamgaly petroglyphs,23,
864,almaty tours,23,
865,almaty travel,23,
866,astana tours,23,
867,almaty holidays,23,
868,bolat mountains,23,
869,burabay national park,23,
870,shymkent tours,23,
871,big almaty lake,23,
872,altyn-emel national park,23,
873,kolsai lakes,23,
874,khorgos,23,
875,turkistan,23,
876,mausoleum of khoja ahmed yasawi,23,
877,bayterek tower,23,
878,kazakhstan adventure travel,23,
879,kazakhstan family holidays,23,
880,kazakhstan cultural tours,23,
881,kazakhstan nature tours,23,
882,kazakhstan group tours,23,
883,kyrgyzstan,24,
884,bishkek,24,
885,osh kyrgyzstan,24,
886,issyk kul lake,24,
887,song kol lake,24,
888,ala archa national park,24,
889,tian shan mountains,24,
890,karakol kyrgyzstan,24,
891,kyrgyzstan travel,24,
892,kyrgyzstan tours,24,
893,kyrgyzstan holidays,24,
894,kyrgyzstan vacations,24,
895,visit kyrgyzstan,24,
896,kyrgyzstan adventure tours,24,
897,silk road kyrgyzstan,24,
898,kyrgyzstan trekking,24,
899,kyrgyzstan hiking,24,
900,kyrgyzstan nature,24,
901,kyrgyzstan yurt stay,24,
902,chui region,24,
903,naryn kyrgyzstan,24,
904,batken kyrgyzstan,24,
905,jalal abad kyrgyzstan,24,
906,kyrgyzstan cultural tours,24,
907,kyrgyz republic,24,
908,mountain lakes kyrgyzstan,24,
909,nomad experience kyrgyzstan,24,
910,kyrgyzstan horse riding,24,
911,top things to do in kyrgyzstan,24,
912,best time to visit kyrgyzstan,24,
913,kyrgyzstan group tours,24,
914,self drive kyrgyzstan,24,
915,kyrgyzstan silk road tour,24,
916,bishkek city tour,24,
917,seven bulls rocks kyrgyzstan,24,
918,alamedin gorge,24,
919,tajikistan,25,
920,dushanbe,25,
921,khujand,25,
922,pamir highway,25,
923,pamirs,25,
924,tajikistan tours,25,
925,tajikistan travel,25,
926,tajikistan holidays,25,
927,tajikistan vacations,25,
928,tajikistan adventure tours,25,
929,tajikistan cultural tours,25,
930,tajikistan trekking,25,
931,tajikistan mountains,25,
932,tajikistan road trip,25,
933,tajikistan nature,25,
934,tajikistan hiking,25,
935,tajikistan eco tours,25,
936,fann mountains,25,
937,iskanderkul lake,25,
938,wakhan valley,25,
939,khorog,25,
940,karakul lake,25,
941,seven lakes tajikistan,25,
942,iskanderkul tours,25,
943,tajikistan silk road,25,
944,varzob gorge,25,
945,tajikistan group tours,25,
946,tajikistan private tours,25,
947,dushanbe travel,25,
948,tajikistan sightseeing,25,
949,tajikistan itinerary,25,
950,tajikistan backpacking,25,
952,best places in tajikistan,25,
953,tajikistan mountain trekking,25,
954,yak caravan tajikistan,25,
955,tajikistan cultural holidays,25,
956,tajikistan solo travel,25,
957,tajikistan family holidays,25,
958,turkmenistan,26,
959,ashgabat,26,
960,ashgabat tours,26,
961,ashkhabad,26,
962,ashgabat holidays,26,
963,turkmenistan tours,26,
964,turkmenistan travel,26,
965,turkmenistan holidays,26,
966,turkmenistan vacations,26,
967,merv,26,
968,merv tours,26,
969,konye-urgench,26,
970,konye urgench,26,
971,konye urgench tours,26,
972,darvaza gas crater,26,
973,gates of hell turkmenistan,26,
974,yangykala canyon,26,
975,yangykala canyon tours,26,
976,avaza,26,
977,awaza,26,
978,avaza resort,26,
979,mary turkmenistan,26,
980,mary tours,26,
981,ancient merv,26,
982,nisa turkmenistan,26,
983,nisa tours,26,
984,kugitang mountains,26,
985,kugitang reserve,26,
986,turkmenistan golden age,26,
987,turkmenistan trip,26,
988,turkmenistan sightseeing,26,
989,turkmenistan adventure tours,26,
990,turkmenistan group tours,26,
991,silk road turkmenistan,26,
992,turkmenistan cultural tours,26,
993,uzbekistan,27,
994,tashkent,27,
995,samarkand,27,
996,bukhara,27,
997,khiva,27,
998,uzbekistan tours,27,
999,uzbekistan holidays,27,
1000,uzbekistan travel,27,
1001,uzbekistan vacations,27,
1002,tashkent tours,27,
1003,samarkand tours,27,
1004,bukhara tours,27,
1005,khiva tours,27,
1006,uzbekistan silk road,27,
1007,silk road tours uzbekistan,27,
1008,uzbekistan historical cities,27,
1009,uzbekistan heritage sites,27,
1010,registan square,27,
1011,ark fortress bukhara,27,
1012,khiva itchan kala,27,
1013,chor minor bukhara,27,
1014,shah-i-zinda samarkand,27,
1015,uzbekistan adventure travel,27,
1016,uzbekistan luxury tours,27,
1017,uzbekistan group tours,27,
1018,uzbekistan private tours,27,
1019,fergana valley,27,
1020,fergana tours,27,
1021,nukus,27,
1022,aral sea tours,27,
1023,kyrgyzstan to uzbekistan tour,27,
1024,uzbekistan desert tours,27,
1025,tashkent city break,27,
1026,bukhara old town,27,
1027,uzbekistan guided tours,27,
1028,uzbekistan itinerary,27,
1029,travel to uzbekistan,27,
1030,viaggi uzbekistan,27,
1031,voyage ouzbekistan,27,
1032,botswana,28,
1033,gaborone,28,
1034,maun,28,
1035,kasane,28,
1036,okavango delta,28,
1037,chobe national park,28,
1038,moremi game reserve,28,
1039,makgadikgadi pans,28,
1040,kalahari desert,28,
1041,nxai pan,28,
1042,botswana tours,28,
1043,botswana holidays,28,
1044,botswana vacations,28,
1045,botswana travel,28,
1046,okavango delta safari,28,
1047,botswana safari,28,
1048,botswana wildlife tours,28,
1049,chobe safari,28,
1050,luxury botswana safaris,28,
1051,botswana self-drive,28,
1052,botswana national parks,28,
1053,botswana safari packages,28,
1054,maun travel,28,
1055,gaborone city tours,28,
1056,kasane to victoria falls,28,
1057,panhandle botswana,28,
1058,tuli block botswana,28,
1059,san bushmen experience botswana,28,
1060,central kalahari game reserve,28,
1061,botswana luxury lodges,28,
1062,family safaris botswana,28,
1063,photographic safaris botswana,28,
1064,elephant safari botswana,28,
1065,okavango delta mokoro tours,28,
1066,botswana camping safaris,28,
1067,adventure travel botswana,28,
1068,kenya,29,
1069,nairobi,29,
1070,mombasa,29,
1071,masai mara,29,
1072,amboseli,29,
1073,lake nakuru,29,
1074,mt kenya,29,
1075,samburu,29,
1076,kenya safaris,29,
1077,kenya tours,29,
1078,kenya holidays,29,
1079,kenya travel,29,
1080,kenya vacations,29,
1081,safari in kenya,29,
1082,kenya wildlife tours,29,
1083,kenya bush safari,29,
1084,diani beach,29,
1085,lamu island,29,
1086,hells gate national park,29,
1087,tsavo national park,29,
1088,kenya honeymoon packages,29,
1089,maasai mara migration,29,
1090,lake victoria kenya,29,
1091,nairobi national park,29,
1092,mount kenya climb,29,
1093,kenya family holidays,29,
1094,kenya beach holidays,29,
1095,kenya adventure tours,29,
1096,watamu,29,
1097,malindi,29,
1098,shimba hills,29,
1099,kenya luxury safari,29,
1100,kenya cultural tours,29,
1101,kenya group tours,29,
1102,kenia reisen,29,
1103,kenya escorted tours,29,
1104,kenya big five safari,29,
1105,kenya private tours,29,
1106,kenyan coast holidays,29,
1107,madagascar,30,
1108,madagascar travel,30,
1109,madagascar tours,30,
1110,madagascar holidays,30,
1111,madagascar vacations,30,
1112,madagascar trips,30,
1113,madagascar adventure travel,30,
1114,visit madagascar,30,
1115,madagascar beaches,30,
1116,madagascar wildlife,30,
1117,madagascar national parks,30,
1118,madagascar lemur tours,30,
1119,antananarivo,30,
1120,antananarivo tours,30,
1121,nosy be,30,
1122,nosy be holidays,30,
1123,isalo national park,30,
1124,andringitra national park,30,
1125,baobab avenue,30,
1126,avenue of the baobabs,30,
1127,tsingy de bemaraha,30,
1128,tsingy de bemaraha tours,30,
1129,ranomafana national park,30,
1130,"anse source d'argent",30,
1131,madagascar east coast,30,
1132,madagascar west coast,30,
1133,madagascar beaches travel,30,
1134,sainte marie island,30,
1135,sainte marie island holidays,30,
1136,madagascar family vacations,30,
1137,madagascar honeymoon,30,
1138,madagascar eco tours,30,
1139,madagascar nature tours,30,
1140,madagascar island tours,30,
1141,madagascar luxury travel,30,
1142,madagascar group tours,30,
1143,morocco,31,
1144,morocco travel,31,
1145,morocco tours,31,
1146,morocco holidays,31,
1147,morocco vacations,31,
1148,morocco trip,31,
1149,morocco itinerary,31,
1150,marrakech,31,
1151,marrakesh,31,
1152,casablanca,31,
1153,fes,31,
1154,fez,31,
1155,rabat,31,
1156,tangier,31,
1157,chefchaouen,31,
1158,atlas mountains,31,
1159,sahara desert,31,
1160,merzouga,31,
1161,erg chebbi,31,
1162,essaouira,31,
1163,agadir,31,
1164,ouarzazate,31,
1165,ait benhaddou,31,
1166,dades gorge,31,
1167,morocco desert tours,31,
1168,sahara tours morocco,31,
1169,morocco camel trekking,31,
1170,morocco adventure travel,31,
1171,morocco family tours,31,
1172,morocco private tours,31,
1173,morocco group tours,31,
1174,imperial cities morocco,31,
1175,morocco cultural tours,31,
1176,morocco food tours,31,
1177,morocco honeymoon,31,
1178,morocco road trip,31,
1179,morocco coastal cities,31,
1180,morocco medina tours,31,
1181,moroccan riads,31,
1182,namibia,32,
1183,windhoek,32,
1184,swakopmund,32,
1185,sossusvlei,32,
1186,etosha national park,32,
1187,namib desert,32,
1188,skeleton coast,32,
1189,damaraland,32,
1190,caprivi strip,32,
1191,walvis bay,32,
1192,fish river canyon,32,
1193,spitzkoppe,32,
1194,deadvlei,32,
1195,kaokoland,32,
1196,namibia tours,32,
1197,namibia holidays,32,
1198,namibia travel,32,
1199,namibia vacations,32,
1200,windhoek travel,32,
1201,sossusvlei tours,32,
1202,etosha safaris,32,
1203,skeleton coast travel,32,
1204,namib desert tours,32,
1205,wildlife safaris namibia,32,
1206,self drive namibia,32,
1207,adventure travel namibia,32,
1208,namibia family holidays,32,
1209,luxury namibia safaris,32,
1210,windhoek tours,32,
1211,swakopmund travel,32,
1212,caprivi strip holidays,32,
1213,photography tours namibia,32,
1214,african safari namibia,32,
1215,etosha game drives,32,
1216,namibia honeymoon,32,
1217,road trip namibia,32,
1218,eco tours namibia,32,
1219,camping namibia,32,
1220,culture tours namibia,32,
1221,sand dunes namibia,32,
1222,rwanda,33,
1223,kigali,33,
1224,volcanoes national park,33,
1225,lake kivu,33,
1226,nyungwe forest,33,
1227,akagera national park,33,
1228,gisenyi,33,
1229,rwanda gorilla trekking,33,
1230,rwanda safaris,33,
1231,rwanda tours,33,
1232,rwanda holidays,33,
1233,rwanda travel,33,
1234,rwanda vacations,33,
1235,gorilla trekking rwanda,33,
1236,rwanda wildlife tours,33,
1237,rwanda gorilla tours,33,
1238,rwanda national parks,33,
1239,chimps tracking rwanda,33,
1240,mount bisoke,33,
1241,karongi,33,
1242,rwandan lakes,33,
1243,rwanda eco tours,33,
1244,rwanda adventure travel,33,
1245,genocide memorial kigali,33,
1246,rwandan culture tours,33,
1247,best places to visit in rwanda,33,
1248,how to get to rwanda,33,
1249,rwanda safari packages,33,
1250,holidays in rwanda,33,
1251,rwanda travel guide,33,
1252,rwanda hiking tours,33,
1253,rwanda luxury safaris,33,
1254,rwanda tour packages,33,
1255,inyarwanda,33,
1256,southern province rwanda,33,
1257,eastern province rwanda,33,
1258,south africa,34,
1259,south africa tours,34,
1260,south africa travel,34,
1261,south africa holidays,34,
1262,south africa vacations,34,
1263,cape town,34,
1264,cape town tours,34,
1265,cape of good hope,34,
1266,kruger national park,34,
1267,kruger park safari,34,
1268,johannesburg,34,
1269,johannesburg travel,34,
1270,pretoria,34,
1271,table mountain,34,
1272,garden route,34,
1273,winelands south africa,34,
1274,stellenbosch,34,
1275,drakensberg mountains,34,
1276,safari south africa,34,
1277,big five safari south africa,34,
1278,kwazulu-natal,34,
1279,durban,34,
1280,robben island,34,
1281,addo elephant park,34,
1282,port elizabeth,34,
1283,sun city south africa,34,
1284,boulders beach,34,
1285,penguin colony south africa,34,
1286,south african adventure tours,34,
1287,luxury travel south africa,34,
1288,cape winelands,34,
1289,joburg,34,
1290,eastern cape,34,
1291,western cape,34,
1292,gauteng region,34,
1293,shark cage diving south africa,34,
1294,wild coast south africa,34,
1295,karoo,34,
1296,cradle of humankind,34,
1297,knysna,34,
1298,tanzania,35,
1299,tanzania travel,35,
1300,tanzania tours,35,
1301,tanzania holidays,35,
1302,tanzania vacations,35,
1303,tanzania safari,35,
1304,tanzania safari tours,35,
1305,tanzania adventure tours,35,
1306,tanzania wildlife tours,35,
1307,tanzania luxury safari,35,
1308,serengeti,35,
1309,serengeti national park,35,
1310,ngorongoro crater,35,
1311,ngorongoro,35,
1312,mount kilimanjaro,35,
1313,kilimanjaro climbing,35,
1314,kilimanjaro trek,35,
1315,zanzibar,35,
1316,zanzibar holidays,35,
1317,zanzibar beach resorts,35,
1318,dar es salaam,35,
1319,arusha,35,
1320,arusha safari,35,
1321,lake manyara,35,
1322,mahale mountains,35,
1323,selous game reserve,35,
1324,ruaha national park,35,
1325,stone town,35,
1326,matemwe beach,35,
1327,mafia island,35,
1328,tanzania family holidays,35,
1329,northern circuit safari,35,
1330,southern tanzania safari,35,
1331,southern circuit tanzania,35,
1332,tanzania group tours,35,
1333,tanzania honeymoon packages,35,
1334,tanzania cultural tours,35,
1335,tanzania beach vacations,35,
1336,tanzania camping safaris,35,
1337,tanzania photographic safari,35,
1338,uganda,36,
1339,kampala,36,
1340,entebbe,36,
1341,jinja,36,
1342,murchison falls,36,
1343,queen elizabeth national park,36,
1344,bwindi impenetrable forest,36,
1345,rwakobo rock,36,
1346,lake victoria,36,
1347,lake bunyonyi,36,
1348,kibale forest,36,
1349,mgahinga gorilla national park,36,
1350,uganda safaris,36,
1351,uganda tours,36,
1352,uganda travel,36,
1353,uganda holidays,36,
1354,uganda vacations,36,
1355,gorilla trekking uganda,36,
1356,uganda gorilla tours,36,
1357,gorilla safaris uganda,36,
1358,uganda wildlife tours,36,
1359,uganda birding tours,36,
1360,source of the nile,36,
1361,rafting nile river uganda,36,
1362,uganda cultural tours,36,
1363,uganda adventure travel,36,
1364,mount elgon,36,
1365,sipi falls,36,
1366,Rwenzori mountains,36,
1367,uganda luxury safaris,36,
1368,uganda group tours,36,
1369,uganda honeymoon packages,36,
1370,uganda eco tours,36,
1371,uganda national parks,36,
1372,uganda family holidays,36,
1373,uganda safari packages,36,
1374,uganda nature tours,36,
1375,uganda road trips,36,
1376,uganda tourist attractions,36,
1377,zimbabwe,37,
1378,harare,37,
1379,bulawayo,37,
1380,victoria falls,37,
1381,hwange national park,37,
1382,matobo hills,37,
1383,great zimbabwe ruins,37,
1384,mana pools national park,37,
1385,lake kariba,37,
1386,zambezi river,37,
1387,chinhoyi caves,37,
1388,gonarezhou national park,37,
1389,eastern highlands zimbabwe,37,
1390,nyanga national park,37,
1391,mutare,37,
1392,chimanimani mountains,37,
1393,zimbabwe tours,37,
1394,zimbabwe travel,37,
1395,zimbabwe vacations,37,
1396,zimbabwe holidays,37,
1397,safari in zimbabwe,37,
1398,victoria falls tours,37,
1399,victoria falls travel,37,
1400,hwange safari,37,
1401,great zimbabwe tours,37,
1402,zimbabwe safari tours,37,
1403,zimbabwe adventure travel,37,
1404,kariba houseboats,37,
1405,zambezi river cruise,37,
1406,zimbabwe cultural tours,37,
1407,matopo national park,37,
1408,bulawayo travel,37,
1409,harare holidays,37,
1410,zimbabwe family holidays,37,
1411,zimbabwe solo travel,37,
1412,zimbabwe honeymoon,37,
1413,zimbabwe wildlife tours,37,
1414,zimbabwe package tours,37,
1415,cheap holidays to zimbabwe,37,
1416,abu dhabi,38,
1417,abu dhabi tours,38,
1418,abu dhabi holidays,38,
1419,abu dhabi travel,38,
1420,abu dhabi vacations,38,
1421,abu dhabi city,38,
1422,united arab emirates,38,
1423,uae,38,
1424,uae tours,38,
1425,uae holidays,38,
1426,uae travel,38,
1427,uae vacations,38,
1428,abu dhabi sightseeing,38,
1429,abu dhabi attractions,38,
1430,things to do in abu dhabi,38,
1431,louvre abu dhabi,38,
1432,sheikh zayed grand mosque,38,
1433,emirates palace,38,
1434,yas island,38,
1435,ferrari world abu dhabi,38,
1436,saadiyat island,38,
1437,corniche abu dhabi,38,
1438,qasar al watan,38,
1439,desert safari abu dhabi,38,
1440,abudhabi,38,
1441,abu dhabi city break,38,
1442,abu dhabi luxury hotels,38,
1443,abu dhabi family holidays,38,
1444,abu dhabi adventure tours,38,
1445,al ain,38,
1446,al ain tours,38,
1447,al dhafra region,38,
1448,abu dhabi dune bashing,38,
1449,yas marina circuit,38,
1450,warner bros world abu dhabi,38,
1451,heritage village abu dhabi,38,
1452,mangrove kayaking abu dhabi,38,
1453,abu dhabi shopping,38,
1454,abu dhabi honeymoon,38,
1455,best time to visit abu dhabi,38,
1456,dubai,39,
1457,dubai uae,39,
1458,dubai united arab emirates,39,
1459,dubai travel,39,
1460,dubai holidays,39,
1461,dubai tours,39,
1462,dubai vacations,39,
1463,dubai tourism,39,
1464,dubai city breaks,39,
1465,dubai trip,39,
1466,visit dubai,39,
1467,burj khalifa,39,
1468,burj al arab,39,
1469,the palm jumeirah,39,
1470,dubai marina,39,
1471,jumeirah beach,39,
1472,dubai desert safari,39,
1473,dubai creek,39,
1474,dubai mall,39,
1475,dubai shopping,39,
1476,dubai fountain,39,
1477,old dubai,39,
1478,deira dubai,39,
1479,al fahidi historical neighbourhood,39,
1480,jumeirah,39,
1481,dubai city guide,39,
1482,dubai attractions,39,
1483,luxury holidays dubai,39,
1484,dubai honeymoon,39,
1485,family holidays dubai,39,
1486,dubai day tours,39,
1487,dubai sightseeing,39,
1488,dubai packages,39,
1489,things to do in dubai,39,
1490,dubai itinerary,39,
1491,dubai adventure tours,39,
1492,dubai city tour,39,
1493,souk dubai,39,
1494,dubai abu dhabi tours,39,
1495,egypt,40,
1496,cairo,40,
1497,giza,40,
1498,luxor,40,
1499,aswan,40,
1500,alexandria,40,
1501,sharm el sheikh,40,
1502,hurghada,40,
1503,red sea egypt,40,
1504,siwa oasis,40,
1505,egypt tours,40,
1506,egypt travel,40,
1507,egypt holidays,40,
1508,egypt vacations,40,
1509,cairo tours,40,
1510,nile cruises,40,
1511,luxor temple,40,
1512,valley of the kings,40,
1513,abu simbel,40,
1514,great pyramid of giza,40,
1515,sphinx egypt,40,
1516,egyptian museum cairo,40,
1517,mount sinai,40,
1518,white desert egypt,40,
1519,egypt travel packages,40,
1520,egypt family tours,40,
1521,nile river tours,40,
1522,egypt adventure travel,40,
1523,red sea diving egypt,40,
1524,egypt historical tours,40,
1525,sharm el sheikh holidays,40,
1526,alexandria tours,40,
1527,luxor holidays,40,
1528,giza pyramids tours,40,
1529,egypt private tours,40,
1530,egypt group tours,40,
1531,egypt all inclusive,40,
1532,israel,41,
1533,tel aviv,41,
1534,jerusalem,41,
1535,dead sea,41,
1536,haifa,41,
1537,galilee,41,
1538,nazareth,41,
1539,eilat,41,
1540,masada,41,
1541,acre,41,
1542,tiberias,41,
1543,bethlehem,41,
1544,israel tours,41,
1545,israel holidays,41,
1546,israel vacations,41,
1547,israel travel,41,
1548,tel aviv tours,41,
1549,jerusalem tours,41,
1550,dead sea tours,41,
1551,sea of galilee,41,
1552,haifa travel,41,
1553,jerusalem old city,41,
1554,western wall,41,
1555,bahai gardens,41,
1556,timna park,41,
1557,red sea israel,41,
1558,negev desert,41,
1559,ramat gan,41,
1560,judean desert,41,
1561,caesarea,41,
1562,israel pilgrimage,41,
1563,holy land tours,41,
1564,holy land travel,41,
1565,israel sightseeing,41,
1566,israel private tours,41,
1567,israel group tours,41,
1568,jerusalem holy sites,41,
1569,israel religious tours,41,
1570,israel family holidays,41,
1571,israeli riviera,41,
1572,jordan,42,
1573,amman,42,
1574,aqaba,42,
1575,petra,42,
1576,wadi rum,42,
1577,dead sea jordan,42,
1578,jordan tours,42,
1579,jordan holidays,42,
1580,jordan travel,42,
1581,jordan vacations,42,
1582,amman travel,42,
1583,amman tours,42,
1584,petra tours,42,
1585,visit petra,42,
1586,visit jordan,42,
1587,wadi rum tours,42,
1589,jerash,42,
1590,madaba,42,
1591,mount nebo,42,
1592,aqaba beaches,42,
1593,wadi mujib,42,
1594,"king's highway jordan",42,
1595,northern jordan,42,
1596,southern jordan,42,
1597,jordan itinerary,42,
1598,family holidays in jordan,42,
1599,petra by night,42,
1600,red sea jordan,42,
1601,dana biosphere reserve,42,
1602,roman theater amman,42,
1603,jordan road trip,42,
1604,luxury jordan tours,42,
1605,group tours jordan,42,
1606,jordan adventure travel,42,
1607,jordan historical sites,42,
1608,mitzpe ramon jordan,42,
1609,aqaba diving,42,
1610,jordan desert tours,42,
1611,qatar,43,
1612,doha,43,
1613,al wakrah,43,
1614,al khor,43,
1615,the pearl qatar,43,
1616,souq waqif,43,
1617,katara cultural village,43,
1618,museum of islamic art doha,43,
1619,qatar tours,43,
1620,qatar holidays,43,
1621,qatar vacations,43,
1622,qatar travel,43,
1623,doha tours,43,
1624,doha holidays,43,
1625,doha travel,43,
1626,qatar desert safari,43,
1627,khor al udaid,43,
1628,inland sea qatar,43,
1629,aspire park,43,
1630,villaggio mall,43,
1631,al zubarah fort,43,
1632,sealine beach qatar,43,
1633,qatar day trips,43,
1634,lusail city,43,
1635,falcon souq doha,43,
1636,education city qatar,43,
1637,arabian gulf tours qatar,43,
1638,qatari culture holidays,43,
1639,qatar tourist attractions,43,
1640,things to do in qatar,43,
1641,best places to visit in qatar,43,
1642,saudi arabia,44,
1643,saudi arabia tours,44,
1644,saudi arabia holidays,44,
1645,saudi arabia travel,44,
1646,saudi arabia vacations,44,
1647,riyadh,44,
1648,riyadh tours,44,
1649,jeddah,44,
1650,jeddah travel,44,
1651,mecca,44,
1652,makkah,44,
1653,medina,44,
1654,madinah,44,
1655,al ula,44,
1656,alula tours,44,
1657,diriyah,44,
1658,red sea saudi arabia,44,
1659,edge of the world riyadh,44,
1660,empty quarter,44,
1661,rub al khali,44,
1662,abha,44,
1663,taif,44,
1664,neom saudi arabia,44,
1665,saudi national museum,44,
1666,masmak fort,44,
1667,historical jeddah,44,
1668,dammam,44,
1669,khobar,44,
1670,hijaz railway,44,
1671,al khobar travel,44,
1672,saudi arabia desert tours,44,
1673,arabian gulf coast,44,
1674,hajj travel,44,
1675,umrah packages,44,
1676,mount uhud medina,44,
1677,farasan islands,44,
1678,asir national park,44,
1679,janadriyah festival,44,
1680,chile,45,
1681,santiago,45,
1682,valparaiso,45,
1683,atacama desert,45,
1684,puerto varas,45,
1685,lake district chile,45,
1686,patagonia,45,
1687,puerto natales,45,
1688,torres del paine,45,
1689,easter island,45,
1690,rapa nui,45,
1691,san pedro de atacama,45,
1692,vina del mar,45,
1693,chile tours,45,
1694,chile travel,45,
1695,chile holidays,45,
1696,chile vacations,45,
1697,santiago tours,45,
1698,patagonia tours,45,
1699,easter island tours,45,
1700,atacama desert tours,45,
1701,torres del paine tours,45,
1702,wine tours chile,45,
1703,andes mountains chile,45,
1704,carretera austral,45,
1705,valparaiso travel,45,
1706,chilean fjords,45,
1707,pucon,45,
1708,arica chile,45,
1709,pucón holidays,45,
1710,chilean patagonia,45,
1711,magallanes region,45,
1712,chile eco tours,45,
1713,chile adventure travel,45,
1714,chile family vacations,45,
1715,chile luxury tours,45,
1716,penguin watching chile,45,
1717,chile national parks,45,
1718,chile hiking tours,45,
1719,best places to visit in chile,45,
1720,peru,46,
1721,peru travel,46,
1722,peru tours,46,
1723,peru holidays,46,
1724,peru vacations,46,
1725,machu picchu,46,
1726,cusco,46,
1727,lima,46,
1728,sacred valley,46,
1729,inca trail,46,
1730,arequipa,46,
1731,nazca lines,46,
1732,lake titicaca,46,
1733,colca canyon,46,
1734,huacachina,46,
1735,amazon peru,46,
1736,manu national park,46,
1737,paracas,46,
1738,puno,46,
1739,trujillo,46,
1740,peruvian amazon,46,
1741,peru adventure tours,46,
1742,cusco tours,46,
1743,lima city tours,46,
1744,machu picchu tickets,46,
1745,inca trail trek,46,
1746,peru hiking tours,46,
1747,sacred valley tours,46,
1748,peru family holidays,46,
1749,peru group tours,46,
1750,andean explorer,46,
1751,peru luxury tours,46,
1752,peru cultural tours,46,
1753,peru food tours,46,
1754,peru rainforest trips,46,
1755,peru guided tours,46,
1756,peru travel packages,46,
1757,salkantay trek peru,46,
1758,peru excursions,46,
1759,costa rica,47,
1760,san jose costa rica,47,
1761,guanacaste costa rica,47,
1762,limon costa rica,47,
1763,puntarenas costa rica,47,
1764,arenal volcano,47,
1765,monteverde cloud forest,47,
1766,manuel antonio national park,47,
1767,tamarindo,47,
1768,tortuguero national park,47,
1769,costa rica tours,47,
1770,costa rica holidays,47,
1771,costa rica vacations,47,
1772,costa rica travel,47,
1773,costa rica all inclusive,47,
1774,costa rica adventure tours,47,
1775,costa rica ecotours,47,
1776,costa rica rainforest tours,47,
1777,costa rica wildlife tours,47,
1778,costa rica family holidays,47,
1779,nicoya peninsula,47,
1780,poas volcano,47,
1781,cartago costa rica,47,
1782,caribbean coast costa rica,47,
1783,central valley costa rica,47,
1784,costa rica honeymoon,47,
1785,costa rica road trips,47,
1786,jaco beach costa rica,47,
1787,montezuma costa rica,47,
1788,la fortuna costa rica,47,
1789,costa rica yoga retreats,47,
1790,costa rica surf trips,47,
1791,costa rica adventure holidays,47,
1792,costa rica nature tours,47,
1793,costa rica group tours,47,
1794,costa rica travel packages,47,
1795,colombia,48,
1796,columbia,48,
1797,bogota,48,
1798,medellin,48,
1799,cartagena,48,
1800,cali,48,
1801,barranquilla,48,
1802,colombia tours,48,
1803,colombia holidays,48,
1804,colombia travel,48,
1805,colombia vacations,48,
1806,cartagena tours,48,
1807,bogota tours,48,
1808,medellin tours,48,
1809,cali tours,48,
1810,barranquilla tours,48,
1811,coffee triangle,48,
1812,zona cafetera,48,
1813,tatacoa desert,48,
1814,tayrona national park,48,
1815,san andres island,48,
1816,rosario islands,48,
1817,guatape,48,
1818,villa de leyva,48,
1819,santa marta,48,
1820,amazonas colombia,48,
1821,cocora valley,48,
1822,monserrate bogota,48,
1823,lost city trek,48,
1824,ciudad perdida,48,
1825,gold museum bogota,48,
1826,zipaquira salt cathedral,48,
1827,popayan,48,
1828,barichara,48,
1829,nuqui,48,
1830,colombia beach vacations,48,
1831,colombia adventure tours,48,
1832,colombia family holidays,48,
1833,best places to visit in colombia,48,
1834,ecuador,49,
1835,ecuador tours,49,
1836,ecuador holidays,49,
1837,ecuador vacations,49,
1838,ecuador travel,49,
1839,quito,49,
1840,guayaquil,49,
1841,cuenca,49,
1842,otavalo,49,
1843,banos,49,
1844,mindo,49,
1845,galapagos,49,
1846,galapagos islands,49,
1847,galapagos tours,49,
1848,galapagos holidays,49,
1849,amazon rainforest ecuador,49,
1850,cuyabeno reserve,49,
1851,cotopaxi,49,
1852,cotopaxi national park,49,
1853,avenue of the volcanoes,49,
1854,middle of the world,49,
1855,mitad del mundo,49,
1856,quilotoa loop,49,
1857,"devil's nose train",49,
1858,inca trail ecuador,49,
1859,andes ecuador,49,
1860,sierra region ecuador,49,
1861,cloud forest ecuador,49,
1862,ecuador beach holidays,49,
1863,montanita,49,
1864,salinas ecuador,49,
1865,ecuador adventure tours,49,
1866,ecuador family vacations,49,
1867,ecuador nature tours,49,
1868,ecuador wildlife tours,49,
1869,ecuador sightseeing,49,
1870,ecuador cultural tours,49,
1871,argentina,50,
1872,buenos aires,50,
1873,cordoba,50,
1874,mendoza,50,
1876,iguazu falls,50,
1877,bariloche,50,
1878,el calafate,50,
1879,ushuaia,50,
1880,salta,50,
1881,rosario,50,
1882,argentina tours,50,
1883,argentina holidays,50,
1884,argentina travel,50,
1885,argentina vacations,50,
1886,argentina sightseeing,50,
1887,buenos aires city tours,50,
1888,mendoza wine tours,50,
1890,el chalten trekking,50,
1891,iguazu falls tours,50,
1892,perito moreno glacier,50,
1893,andes mountains argentina,50,
1894,argentina road trip,50,
1895,route 40 argentina,50,
1896,argentinian pampas,50,
1897,estancia holidays argentina,50,
1898,antarctica cruises from ushuaia,50,
1899,tierra del fuego,50,
1900,valdes peninsula tours,50,
1901,peninsula valdes wildlife,50,
1902,argentina adventure travel,50,
1903,south america tours argentina,50,
1904,argentina vacation packages,50,
1905,visit argentina,50,
1906,best places to visit in argentina,50,
1907,iguazu national park,50,
1908,argentina cultural holidays,50,
1909,brazil,51,
1910,brazil tours,51,
1911,brazil holidays,51,
1912,brazil travel,51,
1913,brazil vacations,51,
1914,rio de janeiro,51,
1915,rio de janeiro tours,51,
1916,são paulo,51,
1917,sao paulo,51,
1919,amazon rainforest,51,
1920,amazon river cruise,51,
1921,pantanal,51,
1922,salvador bahia,51,
1923,recife,51,
1924,brazilian beaches,51,
1925,copacabana beach,51,
1926,ipanema beach,51,
1927,sugarloaf mountain,51,
1928,cristo redentor,51,
1929,christ the redeemer,51,
1930,florianópolis,51,
1931,brasília,51,
1932,brazilian amazon tours,51,
1933,lençóis maranhenses,51,
1934,fernando de noronha,51,
1935,brazil family holidays,51,
1936,bahia tours,51,
1937,brazil adventure travel,51,
1938,brazil honeymoon,51,
1939,brazil cultural tours,51,
1940,amazonas,51,
1941,paraty,51,
1942,iguacu falls,51,
1943,brazil wildlife tours,51,
1944,brazil eco tours,51,
1945,bolivia,52,
1946,la paz,52,
1947,sucre,52,
1948,santa cruz de la sierra,52,
1949,uyuni,52,
1950,potosi,52,
1951,copacabana bolivia,52,
1952,tarija,52,
1953,bolivia tours,52,
1954,bolivia travel,52,
1955,bolivia holidays,52,
1956,bolivia vacations,52,
1957,bolivia trip,52,
1958,salar de uyuni,52,
1959,salt flats bolivia,52,
1960,lake titicaca bolivia,52,
1961,tiwanaku,52,
1962,madidi national park,52,
1963,camino de la muerte,52,
1964,death road bolivia,52,
1965,el alto bolivia,52,
1966,yungas,52,
1967,amboro national park,52,
1968,torotoro national park,52,
1969,bolivian amazon,52,
1970,amazon rainforest bolivia,52,
1971,train cemetery uyuni,52,
1972,witches market la paz,52,
1973,valle de la luna bolivia,52,
1974,moon valley bolivia,52,
1975,bolivia sightseeing,52,
1976,salar de uyuni tours,52,
1977,salar de uyuni travel,52,
1978,potosi silver mines,52,
1979,bolivia adventure,52,
1980,bolivian andes,52,
1981,andes mountains bolivia,52,
1982,bolivia backpacking,52,
1983,bolivia itinerary,52,
1984,uruguay,53,
1985,uruguay tours,53,
1986,uruguay holidays,53,
1987,uruguay travel,53,
1988,uruguay vacations,53,
1989,visit uruguay,53,
1990,montevideo,53,
1991,montevideo tours,53,
1992,punta del este,53,
1993,punta del este holidays,53,
1994,colonia del sacramento,53,
1995,colonia tours,53,
1996,piriapolis,53,
1997,cabo polonio,53,
1998,punta del diablo,53,
1999,tourist attractions uruguay,53,
2000,uruguay itinerary,53,
2001,best places to visit in uruguay,53,
2002,south america travel uruguay,53,
2003,uruguay beach holidays,53,
2004,la paloma uruguay,53,
2005,salto uruguay,53,
2006,termales de salto,53,
2007,canelones uruguay,53,
2008,rocha uruguay,53,
2009,laguna garzon,53,
2010,feria de tristan narvaja,53,
2011,uruguay wine tours,53,
2012,uruguay adventure travel,53,
2013,costa de oro uruguay,53,
2014,barrio histórico colonia,53,
2015,uruguay cultural tours,53,
2016,historic quarter colonia del sacramento,53,
2017,food tours uruguay,53,
2018,family holidays uruguay,53,
2019,uruguay ecotourism,53,
2020,estancia tourism uruguay,53,
2021,nature reserves uruguay,53,
2022,beaches in uruguay,53,
2023,sightseeing uruguay,53,
2024,things to do in uruguay,53,
2025,antarctica,54,
2026,antarctica tours,54,
2027,antarctica holidays,54,
2028,antarctica travel,54,
2029,antarctica vacations,54,
2030,antarctic cruises,54,
2031,antarctic expeditions,54,
2032,antarctica cruise tours,54,
2033,south pole,54,
2034,south pole tours,54,
2035,ross sea,54,
2036,ross ice shelf,54,
2037,antarctic peninsula,54,
2038,deception island,54,
2039,paradise bay,54,
2040,weddell sea,54,
2041,falkland islands to antarctica,54,
2042,drake passage,54,
2043,emperor penguins tour,54,
2044,wildlife in antarctica,54,
2045,antarctic circle,54,
2046,king george island,54,
2047,antarctica adventure,54,
2048,antarctica bucket list trip,54,
2049,best antarctica cruises,54,
2050,visit antarctica,54,
2051,antarctica itinerary,54,
2052,seen antarctica,54,
2053,antarctic islands,54,
2054,sheed islands antarctica,54,
2055,elephant island,54,
2056,polar holidays,54,
2057,mexico,55,
2058,mexico travel,55,
2059,mexico tours,55,
2060,mexico holidays,55,
2061,mexico vacations,55,
2062,mexico city,55,
2063,cancun,55,
2064,cabo san lucas,55,
2065,playa del carmen,55,
2066,tulum,55,
2067,riviera maya,55,
2068,puerto vallarta,55,
2069,guadalajara,55,
2070,oaxaca,55,
2071,yucatan peninsula,55,
2072,merida,55,
2073,chiapas,55,
2074,baja california,55,
2075,cozumel,55,
2076,chichen itza,55,
2077,teotihuacan,55,
2078,mexico beach vacations,55,
2079,day of the dead mexico,55,
2080,cancun all inclusive,55,
2081,luxury mexico resorts,55,
2082,mexico food tours,55,
2083,copper canyon tours,55,
2084,mexico adventure travel,55,
2085,mexico pyramids,55,
2086,hiking in mexico,55,
2087,ecotourism mexico,55,
2088,mexico family holidays,55,
2089,mayan ruins mexico,55,
2090,mexico honeymoon packages,55,
2091,mexico city day trips,55,
2092,cenotes mexico,55,
2093,san miguel de allende,55,
2094,isla mujeres,55,
2095,holbox island,55,
2096,pacific coast mexico,55,
2097,usa,56,
2098,united states,56,
2099,us travel,56,
2100,usa vacations,56,
2101,us holidays,56,
2102,usa tours,56,
2103,new york,56,
2104,new york city,56,
2105,los angeles,56,
2106,san francisco,56,
2107,las vegas,56,
2108,chicago,56,
2109,miami,56,
2110,washington dc,56,
2111,grand canyon,56,
2112,yellowstone national park,56,
2113,yosemite national park,56,
2114,niagara falls,56,
2115,orlando,56,
2116,florida vacations,56,
2117,california travel,56,
2118,hawaii holidays,56,
2119,alaska tours,56,
2120,route 66 road trip,56,
2121,new orleans,56,
2122,boston,56,
2123,philadelphia,56,
2124,seattle,56,
2125,san diego,56,
2126,disney world,56,
2127,universal studios hollywood,56,
2128,national parks usa,56,
2129,america travel guide,56,
2130,us west coast tours,56,
2131,us east coast holidays,56,
2132,usa sightseeing,56,
2133,american road trips,56,
2134,las vegas strip,56,
2135,statue of liberty tours,56,
2136,italy,57,
2137,rome,57,
2138,venice,57,
2139,florence,57,
2140,milan,57,
2141,naples,57,
2142,sicily,57,
2143,amalfi coast,57,
2144,tuscany,57,
2145,italy tours,57,
2146,italy holidays,57,
2147,italy travel,57,
2148,italy vacations,57,
2149,italy trip,57,
2150,rome tours,57,
2151,venice tours,57,
2152,florence holidays,57,
2153,tuscany vacations,57,
2154,amalfi coast tours,57,
2155,italian riviera,57,
2156,cinque terre,57,
2157,pompeii,57,
2158,lake como,57,
2159,capri,57,
2160,sorrento,57,
2161,dolomites,57,
2162,italian lakes,57,
2163,italy sightseeing,57,
2164,rome travel,57,
2165,florence city break,57,
2166,venice holidays,57,
2167,italy family holidays,57,
2168,italy honeymoon,57,
2169,italia,57,
2170,colosseum rome,57,
2171,leaning tower of pisa,57,
2172,vatican city tours,57,
2173,italy train tours,57,
2174,italy luxury travel,57,
2175,pizza making italy,57,
2176,italy wine tours,57,
2177,spain,58,
2178,spain travel,58,
2179,spain holidays,58,
2180,spain tours,58,
2181,spain vacations,58,
2182,spain vacation packages,58,
2183,visit spain,58,
2184,travel to spain,58,
2185,spain tourist attractions,58,
2186,spain tourism,58,
2187,madrid,58,
2188,barcelona,58,
2189,seville,58,
2190,granada,58,
2191,valencia,58,
2192,malaga,58,
2193,bilbao,58,
2194,ibiza,58,
2195,mallorca,58,
2196,canary islands,58,
2197,andalusia,58,
2198,costa del sol,58,
2199,costa brava,58,
2200,la sagrada familia,58,
2201,alhambra,58,
2202,park guell,58,
2203,plaza mayor madrid,58,
2204,camino de santiago,58,
2205,gaudi architecture barcelona,58,
2206,spain city breaks,58,
2207,madrid tours,58,
2208,barcelona tours,58,
2209,seville holidays,58,
2210,granada travel,58,
2211,ibiza party vacations,58,
2212,spanish beaches holidays,58,
2213,spain culture tours,58,
2214,majorca,58,
2215,tenerife,58,
2216,lanzarote,58,
2217,fuerteventura,58,
2218,gran canaria,58,
2219,menorca,58,
2220,playa blanca,58,
2221,costa adeje,58,
2222,balearic islands,58,
2223,greece,59,
2224,greece holidays,59,
2225,greek islands,59,
2226,greek island holidays,59,
2227,crete,59,
2228,corfu,59,
2229,zakynthos,59,
2230,zante,59,
2231,kefalonia,59,
2232,skopelos,59,
2233,halkidiki,59,
2234,rhodes,59,
2235,kos,59,
2236,santorini,59,
2237,mykonos,59,
2238,skiathos,59,
2239,lesvos,59,
2240,lefkada,59,
2241,parga,59,
2242,chania,59,
2243,heraklion,59,
2244,cyprus,60,
2245,cyprus holidays,60,
2246,paphos,60,
2247,larnaca,60,
2248,protaras,60,
2249,limassol,60,
2250,ayia napa,60,
2251,nicosia,60,
2252,coral bay cyprus,60,
2253,portugal,61,
2254,portugal holidays,61,
2255,algarve,61,
2256,faro,61,
2257,albufeira,61,
2258,lagos portugal,61,
2259,madeira,61,
2260,porto,61,
2261,lisbon,61,
2262,vilamoura,61,
2263,quinta do lago,61,
2264,praia da rocha,61,
2265,malta,62,
2266,malta holidays,62,
2267,st julian's,62,
2268,st julians,62,
2269,valletta,62,
2270,sliema,62,
2271,bugibba,62,
2272,qawra,62,
2273,gozo,62,
2274,mellieha,62,
2275,turkey,63,
2276,turkey holidays,63,
2277,antalya,63,
2278,marmaris,63,
2279,bodrum,63,
2280,dalaman,63,
2281,fethiye,63,
2282,side turkey,63,
2283,belek,63,
2284,kemer,63,
2285,kusadasi,63,
2286,izmir,63,
2287,oludeniz,63,
2288,bulgaria,64,
2289,bulgaria holidays,64,
2290,sunny beach,64,
2291,nessebar,64,
2292,varna,64,
2293,burgas,64,
2294,golden sands,64,
2295,cape verde,65,
2296,cape verde holidays,65,
2297,sal cape verde,65,
2298,boa vista,65,
2299,santa maria cape verde,65,
2300,mauritius,66,
2301,mauritius holidays,66,
2302,grand baie,66,
2303,flic en flac,66,
2304,belle mare,66,
2305,le morne,66,
